identifier,name,description,url,startDate,endDate,openingHours,lotValue,lotPrice,lotPricePeriod,addressPostCode,addressAdminUnitL1,addressAdminUnitL2,addressAdminUnitL3,addressPostName,addressThoroughfare,addressLocatorDesignator,addressLocatorBuilding,addressDescription,organizerName,organizerIdentifier,contactPointName,contactPointEmail,contactPointTelephone,contactPointURL,decisionType,decisionTitle,decisionNumber,decisionIssued,decisionURL,publisherName,publisherIdentifier
Ідентифікатор,Назва,Опис,Посилання,Дата початку,Дата завершення,Графік роботи,Кількість місць,Орендна плата,Період нарахування сплати,Поштовий індекс,Назва країни,Назва регіону,Назва району,Назва населеного пункту,Вулиця або аналог,Номер будівлі,Номер корпусу,Опис розміщення,Назва організатора,Ідентифікатор організатора,Контактна особа/Приймальня,Адреса електронної пошти,Телефон,"Посилання на сторінку контактної особи, підрозділу або приймальні",Вид документа,Назва документа,Номер документа,Дата прийняття,Посилання на документ,Назва видавника,Ідентифікатор видавника
2020-01,Ярмаркова торгівля на території м. Маріуполя у 2020 році,Щорічний ярмарок продукції місцевих товаровиробників Донецькій області.,https://mariupolrada.gov.ua/page/informacija-dlja-subektiv-malogo-ta-serednogo-biznesu,2020-01-01,2020-12-31,"Ср,Пт  07:00-14:00",10,null,null,87500,Україна,Донецька область,Центральний ,Маріуполь,площа Правобережна,null,null,Не визначено,Маріупольська міська рада,33852448,Аркатов Денис Володимирович,dep.econom@mariupolrada.gov.ua,+380629337045,https://mariupolrada.gov.ua/page/ekonomika,Рішення,Про здійснення ярмаркової торгівлі на території м. Маріуполя у 2020 році,53,2020-02-24,https://mariupolrada.gov.ua/uploads/17/85328-%E2%84%96%2053.pdf ,виконавчий комітет маріупольської міської ради,33852448
2020-01,Ярмаркова торгівля на території м. Маріуполя у 2020 році,Щорічний ярмарок продукції місцевих товаровиробників Донецькій області.,https://mariupolrada.gov.ua/page/informacija-dlja-subektiv-malogo-ta-serednogo-biznesu,2020-01-01,2020-12-31,2020-04-2020-10 08:00-19:00,20,null,null,87500,Україна,Донецька область,Центральний ,Маріуполь,пр. Миру,127,null,"Кінцева зупинка 
громадського транспорту",Маріупольська міська рада,33852448,Аркатов Денис Володимирович,dep.econom@mariupolrada.gov.ua,+380629337045,https://mariupolrada.gov.ua/page/ekonomika,Рішення,Про здійснення ярмаркової торгівлі на території м. Маріуполя у 2020 році,53,2020-02-24,https://mariupolrada.gov.ua/uploads/17/85328-%E2%84%96%2053.pdf ,виконавчий комітет маріупольської міської ради,33852448
2020-01,Ярмаркова торгівля на території м. Маріуполя у 2020 році,Щорічний ярмарок продукції місцевих товаровиробників Донецькій області.,https://mariupolrada.gov.ua/page/informacija-dlja-subektiv-malogo-ta-serednogo-biznesu,2020-01-01,2020-12-31,2020-04-2020-10 08:00-19:01,15,null,null,87500,Україна,Донецька область,Центральний ,Маріуполь,пр. Миру ,104,null,"Район
стоматологічної лікарні",Маріупольська міська рада,33852448,Аркатов Денис Володимирович,dep.econom@mariupolrada.gov.ua,+380629337045,https://mariupolrada.gov.ua/page/ekonomika,Рішення,Про здійснення ярмаркової торгівлі на території м. Маріуполя у 2020 році,53,2020-02-24,https://mariupolrada.gov.ua/uploads/17/85328-%E2%84%96%2053.pdf ,виконавчий комітет маріупольської міської ради,33852448
2020-01,Ярмаркова торгівля на території м. Маріуполя у 2020 році,Щорічний ярмарок продукції місцевих товаровиробників Донецькій області.,https://mariupolrada.gov.ua/page/informacija-dlja-subektiv-malogo-ta-serednogo-biznesu,2020-01-01,2020-12-31,2020-03-05-2020-03-09 08:00-19:00,30,null,null,87500,Україна,Донецька область,Центральний ,Маріуполь,пр. Миру ,104,null,"Район
стоматологічної лікарні",Маріупольська міська рада,33852448,Аркатов Денис Володимирович,dep.econom@mariupolrada.gov.ua,+380629337045,https://mariupolrada.gov.ua/page/ekonomika,Рішення,Про здійснення ярмаркової торгівлі на території м. Маріуполя у 2020 році,53,2020-02-24,https://mariupolrada.gov.ua/uploads/17/85328-%E2%84%96%2053.pdf ,виконавчий комітет маріупольської міської ради,33852448
2020-01,Ярмаркова торгівля на території м. Маріуполя у 2020 році,Щорічний ярмарок продукції місцевих товаровиробників Донецькій області.,https://mariupolrada.gov.ua/page/informacija-dlja-subektiv-malogo-ta-serednogo-biznesu,2020-01-01,2020-12-31,2020-03-05-2020-03-09 08:00-19:00,5,null,null,87500,Україна,Донецька область,Центральний ,Маріуполь,пр. Миру,127,null,"Кінцева зупинка 
громадського транспорту",Маріупольська міська рада,33852448,Аркатов Денис Володимирович,dep.econom@mariupolrada.gov.ua,+380629337045,https://mariupolrada.gov.ua/page/ekonomika,Рішення,Про здійснення ярмаркової торгівлі на території м. Маріуполя у 2020 році,53,2020-02-24,https://mariupolrada.gov.ua/uploads/17/85328-%E2%84%96%2053.pdf ,виконавчий комітет маріупольської міської ради,33852448
2020-01,Ярмаркова торгівля на території м. Маріуполя у 2020 році,Щорічний ярмарок продукції місцевих товаровиробників Донецькій області.,https://mariupolrada.gov.ua/page/informacija-dlja-subektiv-malogo-ta-serednogo-biznesu,2020-01-01,2020-12-31,2020-03-05-2020-03-09 08:00-19:00,4,null,null,87500,Україна,Донецька область,Центральний ,Маріуполь,"пр. Миру
",null,null,"Перетин пр. Миру, пр. Металургів, район підземного переходу",Маріупольська міська рада,33852448,Аркатов Денис Володимирович,dep.econom@mariupolrada.gov.ua,+380629337045,https://mariupolrada.gov.ua/page/ekonomika,Рішення,Про здійснення ярмаркової торгівлі на території м. Маріуполя у 2020 році,53,2020-02-24,https://mariupolrada.gov.ua/uploads/17/85328-%E2%84%96%2053.pdf ,виконавчий комітет маріупольської міської ради,33852448
2020-01,Ярмаркова торгівля на території м. Маріуполя у 2020 році,Щорічний ярмарок продукції місцевих товаровиробників Донецькій області.,https://mariupolrada.gov.ua/page/informacija-dlja-subektiv-malogo-ta-serednogo-biznesu,2020-01-01,2020-12-31,2020-03-05-2020-03-09 08:00-19:00,4,null,null,87500,Україна,Донецька область,Центральний ,Маріуполь,вул. П.Орлика,null,null,"Перетин вул. П.Орлика, вул. М.Грушевського",Маріупольська міська рада,33852448,Аркатов Денис Володимирович,dep.econom@mariupolrada.gov.ua,+380629337045,https://mariupolrada.gov.ua/page/ekonomika,Рішення,Про здійснення ярмаркової торгівлі на території м. Маріуполя у 2020 році,53,2020-02-24,https://mariupolrada.gov.ua/uploads/17/85328-%E2%84%96%2053.pdf ,виконавчий комітет маріупольської міської ради,33852448
2020-01,Ярмаркова торгівля на території м. Маріуполя у 2020 році,Щорічний ярмарок продукції місцевих товаровиробників Донецькій області.,https://mariupolrada.gov.ua/page/informacija-dlja-subektiv-malogo-ta-serednogo-biznesu,2020-01-01,2020-12-31,2020-03-05-2020-03-09 08:00-19:00,2,null,null,87500,Україна,Донецька область,Центральний ,Маріуполь,пр. Будівельників,null,null,"Перетин пр. Будівельників, вул. Бахчиванджі",Маріупольська міська рада,33852448,Аркатов Денис Володимирович,dep.econom@mariupolrada.gov.ua,+380629337045,https://mariupolrada.gov.ua/page/ekonomika,Рішення,Про здійснення ярмаркової торгівлі на території м. Маріуполя у 2020 році,53,2020-02-24,https://mariupolrada.gov.ua/uploads/17/85328-%E2%84%96%2053.pdf ,виконавчий комітет маріупольської міської ради,33852448
2020-01,Ярмаркова торгівля на території м. Маріуполя у 2020 році,Щорічний ярмарок продукції місцевих товаровиробників Донецькій області.,https://mariupolrada.gov.ua/page/informacija-dlja-subektiv-malogo-ta-serednogo-biznesu,2020-01-01,2020-12-31,2020-03-05-2020-03-09 08:00-19:00,4,null,null,87500,Україна,Донецька область,Центральний ,Маріуполь,пр. Металургів,102,null,Не визначено,Маріупольська міська рада,33852448,Аркатов Денис Володимирович,dep.econom@mariupolrada.gov.ua,+380629337045,https://mariupolrada.gov.ua/page/ekonomika,Рішення,Про здійснення ярмаркової торгівлі на території м. Маріуполя у 2020 році,53,2020-02-24,https://mariupolrada.gov.ua/uploads/17/85328-%E2%84%96%2053.pdf ,виконавчий комітет маріупольської міської ради,33852448
2020-01,Ярмаркова торгівля на території м. Маріуполя у 2020 році,Щорічний ярмарок продукції місцевих товаровиробників Донецькій області.,https://mariupolrada.gov.ua/page/informacija-dlja-subektiv-malogo-ta-serednogo-biznesu,2020-01-01,2020-12-31,2020-03-05-2020-03-09 08:00-19:00,3,null,null,87500,Україна,Донецька область,Центральний ,Маріуполь,пр. Миру,85,null,Район Будинку зв’язку,Маріупольська міська рада,33852448,Аркатов Денис Володимирович,dep.econom@mariupolrada.gov.ua,+380629337045,https://mariupolrada.gov.ua/page/ekonomika,Рішення,Про здійснення ярмаркової торгівлі на території м. Маріуполя у 2020 році,53,2020-02-24,https://mariupolrada.gov.ua/uploads/17/85328-%E2%84%96%2053.pdf ,виконавчий комітет маріупольської міської ради,33852448
2020-01,Ярмаркова торгівля на території м. Маріуполя у 2020 році,Щорічний ярмарок продукції місцевих товаровиробників Донецькій області.,https://mariupolrada.gov.ua/page/informacija-dlja-subektiv-malogo-ta-serednogo-biznesu,2020-01-01,2020-12-31,2020-03-05-2020-03-09 08:00-19:00,1,null,null,87500,Україна,Донецька область,Центральний ,Маріуполь,вул. П. Орлика,114,null,Не визначено,Маріупольська міська рада,33852448,Аркатов Денис Володимирович,dep.econom@mariupolrada.gov.ua,+380629337045,https://mariupolrada.gov.ua/page/ekonomika,Рішення,Про здійснення ярмаркової торгівлі на території м. Маріуполя у 2020 році,53,2020-02-24,https://mariupolrada.gov.ua/uploads/17/85328-%E2%84%96%2053.pdf ,виконавчий комітет маріупольської міської ради,33852448
2020-01,Ярмаркова торгівля на території м. Маріуполя у 2020 році,Щорічний ярмарок продукції місцевих товаровиробників Донецькій області.,https://mariupolrada.gov.ua/page/informacija-dlja-subektiv-malogo-ta-serednogo-biznesu,2020-01-01,2020-12-31,2020-03-05-2020-03-09 08:00-19:00,1,null,null,87500,Україна,Донецька область,Центральний ,Маріуполь,вул. П. Орлика,112,null,Не визначено,Маріупольська міська рада,33852448,Аркатов Денис Володимирович,dep.econom@mariupolrada.gov.ua,+380629337045,https://mariupolrada.gov.ua/page/ekonomika,Рішення,Про здійснення ярмаркової торгівлі на території м. Маріуполя у 2020 році,53,2020-02-24,https://mariupolrada.gov.ua/uploads/17/85328-%E2%84%96%2053.pdf ,виконавчий комітет маріупольської міської ради,33852448
2020-01,Ярмаркова торгівля на території м. Маріуполя у 2020 році,Щорічний ярмарок продукції місцевих товаровиробників Донецькій області.,https://mariupolrada.gov.ua/page/informacija-dlja-subektiv-malogo-ta-serednogo-biznesu,2020-01-01,2020-12-31,2020-03-05-2020-03-09 08:00-19:00,1,null,null,87500,Україна,Донецька область,Центральний ,Маріуполь,пр. Нахімова,204,null,Не визначено,Маріупольська міська рада,33852448,Аркатов Денис Володимирович,dep.econom@mariupolrada.gov.ua,+380629337045,https://mariupolrada.gov.ua/page/ekonomika,Рішення,Про здійснення ярмаркової торгівлі на території м. Маріуполя у 2020 році,53,2020-02-24,https://mariupolrada.gov.ua/uploads/17/85328-%E2%84%96%2053.pdf ,виконавчий комітет маріупольської міської ради,33852448
2020-01,Ярмаркова торгівля на території м. Маріуполя у 2020 році,Щорічний ярмарок продукції місцевих товаровиробників Донецькій області.,https://mariupolrada.gov.ua/page/informacija-dlja-subektiv-malogo-ta-serednogo-biznesu,2020-01-01,2020-12-31,2020-03-23-2020-11-30 06:00-20:00,64,null,null,87500,Україна,Донецька область,Приморський ,Маріуполь,пр. Миру,116,null,"Вздовж лінії огорожі 
ринку Славутич від центрального 
входу до магазину АТБ",Маріупольська міська рада,33852448,Аркатов Денис Володимирович,dep.econom@mariupolrada.gov.ua,+380629337045,https://mariupolrada.gov.ua/page/ekonomika,Рішення,Про здійснення ярмаркової торгівлі на території м. Маріуполя у 2020 році,53,2020-02-24,https://mariupolrada.gov.ua/uploads/17/85328-%E2%84%96%2053.pdf ,виконавчий комітет маріупольської міської ради,33852448
2020-01,Ярмаркова торгівля на території м. Маріуполя у 2020 році,Щорічний ярмарок продукції місцевих товаровиробників Донецькій області.,https://mariupolrada.gov.ua/page/informacija-dlja-subektiv-malogo-ta-serednogo-biznesu,2020-01-01,2020-12-31,2020-03 08:00-18:00,2,null,null,87500,Україна,Донецька область,Приморський ,Маріуполь,пр. Луніна,31,null,"Перетин пр. Луніна, 31, вул. 
Гагаріна ",Маріупольська міська рада,33852448,Аркатов Денис Володимирович,dep.econom@mariupolrada.gov.ua,+380629337045,https://mariupolrada.gov.ua/page/ekonomika,Рішення,Про здійснення ярмаркової торгівлі на території м. Маріуполя у 2020 році,53,2020-02-24,https://mariupolrada.gov.ua/uploads/17/85328-%E2%84%96%2053.pdf ,виконавчий комітет маріупольської міської ради,33852448
2020-01,Ярмаркова торгівля на території м. Маріуполя у 2020 році,Щорічний ярмарок продукції місцевих товаровиробників Донецькій області.,https://mariupolrada.gov.ua/page/informacija-dlja-subektiv-malogo-ta-serednogo-biznesu,2020-01-01,2020-12-31,2020-05 08:00-18:00,2,null,null,87500,Україна,Донецька область,Приморський ,Маріуполь,пр. Луніна,31,null,"Перетин пр. Луніна, 31, вул. 
Гагаріна ",Маріупольська міська рада,33852448,Аркатов Денис Володимирович,dep.econom@mariupolrada.gov.ua,+380629337045,https://mariupolrada.gov.ua/page/ekonomika,Рішення,Про здійснення ярмаркової торгівлі на території м. Маріуполя у 2020 році,53,2020-02-24,https://mariupolrada.gov.ua/uploads/17/85328-%E2%84%96%2053.pdf ,виконавчий комітет маріупольської міської ради,33852448
2020-01,Ярмаркова торгівля на території м. Маріуполя у 2020 році,Щорічний ярмарок продукції місцевих товаровиробників Донецькій області.,https://mariupolrada.gov.ua/page/informacija-dlja-subektiv-malogo-ta-serednogo-biznesu,2020-01-01,2020-12-31,2020-05 08:00-18:00,2,null,null,87500,Україна,Донецька область,Приморський ,Маріуполь,пр. Луніна,31,null,"Перетин пр. Луніна, 31, вул. 
Гагаріна ",Маріупольська міська рада,33852448,Аркатов Денис Володимирович,dep.econom@mariupolrada.gov.ua,+380629337045,https://mariupolrada.gov.ua/page/ekonomika,Рішення,Про здійснення ярмаркової торгівлі на території м. Маріуполя у 2020 році,53,2020-02-24,https://mariupolrada.gov.ua/uploads/17/85328-%E2%84%96%2053.pdf ,виконавчий комітет маріупольської міської ради,33852448
2020-01,Ярмаркова торгівля на території м. Маріуполя у 2020 році,Щорічний ярмарок продукції місцевих товаровиробників Донецькій області.,https://mariupolrada.gov.ua/page/informacija-dlja-subektiv-malogo-ta-serednogo-biznesu,2020-01-01,2020-12-31,2020-03 06:00-18:00,8,null,null,87500,Україна,Донецька область,Приморський ,Маріуполь,вул. Латишева,null,null,"Перетин вул. Латишева, вул.Ушакова ",Маріупольська міська рада,33852448,Аркатов Денис Володимирович,dep.econom@mariupolrada.gov.ua,+380629337045,https://mariupolrada.gov.ua/page/ekonomika,Рішення,Про здійснення ярмаркової торгівлі на території м. Маріуполя у 2020 році,53,2020-02-24,https://mariupolrada.gov.ua/uploads/17/85328-%E2%84%96%2053.pdf ,виконавчий комітет маріупольської міської ради,33852448
2020-01,Ярмаркова торгівля на території м. Маріуполя у 2020 році,Щорічний ярмарок продукції місцевих товаровиробників Донецькій області.,https://mariupolrada.gov.ua/page/informacija-dlja-subektiv-malogo-ta-serednogo-biznesu,2020-01-01,2020-12-31,2020-04 06:00-18:00,8,null,null,87500,Україна,Донецька область,Приморський ,Маріуполь,вул. Латишева,null,null,"Перетин вул. Латишева, вул.Ушакова ",Маріупольська міська рада,33852448,Аркатов Денис Володимирович,dep.econom@mariupolrada.gov.ua,+380629337045,https://mariupolrada.gov.ua/page/ekonomika,Рішення,Про здійснення ярмаркової торгівлі на території м. Маріуполя у 2020 році,53,2020-02-24,https://mariupolrada.gov.ua/uploads/17/85328-%E2%84%96%2053.pdf ,виконавчий комітет маріупольської міської ради,33852448
2020-01,Ярмаркова торгівля на території м. Маріуполя у 2020 році,Щорічний ярмарок продукції місцевих товаровиробників Донецькій області.,https://mariupolrada.gov.ua/page/informacija-dlja-subektiv-malogo-ta-serednogo-biznesu,2020-01-01,2020-12-31,2020-05 06:00-18:00,8,null,null,87500,Україна,Донецька область,Приморський ,Маріуполь,вул. Латишева,null,null,"Перетин вул. Латишева, вул.Ушакова ",Маріупольська міська рада,33852448,Аркатов Денис Володимирович,dep.econom@mariupolrada.gov.ua,+380629337045,https://mariupolrada.gov.ua/page/ekonomika,Рішення,Про здійснення ярмаркової торгівлі на території м. Маріуполя у 2020 році,53,2020-02-24,https://mariupolrada.gov.ua/uploads/17/85328-%E2%84%96%2053.pdf ,виконавчий комітет маріупольської міської ради,33852448
2020-01,Ярмаркова торгівля на території м. Маріуполя у 2020 році,Щорічний ярмарок продукції місцевих товаровиробників Донецькій області.,https://mariupolrada.gov.ua/page/informacija-dlja-subektiv-malogo-ta-serednogo-biznesu,2020-01-01,2020-12-31,"Сб,Нд 08:00-18:00",2,null,null,87500,Україна,Донецька область,Приморський ,Маріуполь,"пров. Федорова 
(в районі буд. № 27)",null,null,Не визначено,Маріупольська міська рада,33852448,Аркатов Денис Володимирович,dep.econom@mariupolrada.gov.ua,+380629337045,https://mariupolrada.gov.ua/page/ekonomika,Рішення,Про здійснення ярмаркової торгівлі на території м. Маріуполя у 2020 році,53,2020-02-24,https://mariupolrada.gov.ua/uploads/17/85328-%E2%84%96%2053.pdf ,виконавчий комітет маріупольської міської ради,33852448
2020-01,Ярмаркова торгівля на території м. Маріуполя у 2020 році,Щорічний ярмарок продукції місцевих товаровиробників Донецькій області.,https://mariupolrada.gov.ua/page/informacija-dlja-subektiv-malogo-ta-serednogo-biznesu,2020-01-01,2020-12-31,"Сб,Нд 08:00-18:00",2,null,null,87500,Україна,Донецька область,Приморський ,Маріуполь,вул. Вокзальної,null,null,"Перехрестя вул. Вокзальної, вул. Перша Слободка",Маріупольська міська рада,33852448,Аркатов Денис Володимирович,dep.econom@mariupolrada.gov.ua,+380629337045,https://mariupolrada.gov.ua/page/ekonomika,Рішення,Про здійснення ярмаркової торгівлі на території м. Маріуполя у 2020 році,53,2020-02-24,https://mariupolrada.gov.ua/uploads/17/85328-%E2%84%96%2053.pdf ,виконавчий комітет маріупольської міської ради,33852448
2020-01,Ярмаркова торгівля на території м. Маріуполя у 2020 році,Щорічний ярмарок продукції місцевих товаровиробників Донецькій області.,https://mariupolrada.gov.ua/page/informacija-dlja-subektiv-malogo-ta-serednogo-biznesu,2020-01-01,2020-12-31,"Сб,Нд 08:00-18:00",2,null,null,87500,Україна,Донецька область,Приморський ,Маріуполь,вул. Грибоєдова,30,null,Не визначено,Маріупольська міська рада,33852448,Аркатов Денис Володимирович,dep.econom@mariupolrada.gov.ua,+380629337045,https://mariupolrada.gov.ua/page/ekonomika,Рішення,Про здійснення ярмаркової торгівлі на території м. Маріуполя у 2020 році,53,2020-02-24,https://mariupolrada.gov.ua/uploads/17/85328-%E2%84%96%2053.pdf ,виконавчий комітет маріупольської міської ради,33852448
2020-01,Ярмаркова торгівля на території м. Маріуполя у 2020 році,Щорічний ярмарок продукції місцевих товаровиробників Донецькій області.,https://mariupolrada.gov.ua/page/informacija-dlja-subektiv-malogo-ta-serednogo-biznesu,2020-01-01,2020-12-31,"Сб,Нд 08:00-18:00",2,null,null,87500,Україна,Донецька область,Приморський ,Маріуполь,пров. Прямий,null,null,Не визначено,Маріупольська міська рада,33852448,Аркатов Денис Володимирович,dep.econom@mariupolrada.gov.ua,+380629337045,https://mariupolrada.gov.ua/page/ekonomika,Рішення,Про здійснення ярмаркової торгівлі на території м. Маріуполя у 2020 році,53,2020-02-24,https://mariupolrada.gov.ua/uploads/17/85328-%E2%84%96%2053.pdf ,виконавчий комітет маріупольської міської ради,33852448
2020-01,Ярмаркова торгівля на території м. Маріуполя у 2020 році,Щорічний ярмарок продукції місцевих товаровиробників Донецькій області.,https://mariupolrada.gov.ua/page/informacija-dlja-subektiv-malogo-ta-serednogo-biznesu,2020-01-01,2020-12-31,"Сб,Нд 08:00-18:00",2,null,null,87500,Україна,Донецька область,Приморський ,Маріуполь,вул. Гаванна,69,null,Не визначено,Маріупольська міська рада,33852448,Аркатов Денис Володимирович,dep.econom@mariupolrada.gov.ua,+380629337045,https://mariupolrada.gov.ua/page/ekonomika,Рішення,Про здійснення ярмаркової торгівлі на території м. Маріуполя у 2020 році,53,2020-02-24,https://mariupolrada.gov.ua/uploads/17/85328-%E2%84%96%2053.pdf ,виконавчий комітет маріупольської міської ради,33852448
2020-01,Ярмаркова торгівля на території м. Маріуполя у 2020 році,Щорічний ярмарок продукції місцевих товаровиробників Донецькій області.,https://mariupolrada.gov.ua/page/informacija-dlja-subektiv-malogo-ta-serednogo-biznesu,2020-01-01,2020-12-31,"Сб,Нд 08:00-18:00",2,null,null,87500,Україна,Донецька область,Приморський ,Маріуполь,вул. Демократична,48,null,Не визначено,Маріупольська міська рада,33852448,Аркатов Денис Володимирович,dep.econom@mariupolrada.gov.ua,+380629337045,https://mariupolrada.gov.ua/page/ekonomika,Рішення,Про здійснення ярмаркової торгівлі на території м. Маріуполя у 2020 році,53,2020-02-24,https://mariupolrada.gov.ua/uploads/17/85328-%E2%84%96%2053.pdf ,виконавчий комітет маріупольської міської ради,33852448
2020-01,Ярмаркова торгівля на території м. Маріуполя у 2020 році,Щорічний ярмарок продукції місцевих товаровиробників Донецькій області.,https://mariupolrada.gov.ua/page/informacija-dlja-subektiv-malogo-ta-serednogo-biznesu,2020-01-01,2020-12-31,"Сб,Нд 08:00-18:00",2,null,null,87500,Україна,Донецька область,Приморський ,Маріуполь,вул. Богдана,141,null,Не визначено,Маріупольська міська рада,33852448,Аркатов Денис Володимирович,dep.econom@mariupolrada.gov.ua,+380629337045,https://mariupolrada.gov.ua/page/ekonomika,Рішення,Про здійснення ярмаркової торгівлі на території м. Маріуполя у 2020 році,53,2020-02-24,https://mariupolrada.gov.ua/uploads/17/85328-%E2%84%96%2053.pdf ,виконавчий комітет маріупольської міської ради,33852448
2020-01,Ярмаркова торгівля на території м. Маріуполя у 2020 році,Щорічний ярмарок продукції місцевих товаровиробників Донецькій області.,https://mariupolrada.gov.ua/page/informacija-dlja-subektiv-malogo-ta-serednogo-biznesu,2020-01-01,2020-12-31,"Сб,Нд 08:00-18:00",2,null,null,87500,Україна,Донецька область,Приморський ,Маріуполь,"вул. Флотська 
(кінцева зупинка)",null,null,Не визначено,Маріупольська міська рада,33852448,Аркатов Денис Володимирович,dep.econom@mariupolrada.gov.ua,+380629337045,https://mariupolrada.gov.ua/page/ekonomika,Рішення,Про здійснення ярмаркової торгівлі на території м. Маріуполя у 2020 році,53,2020-02-24,https://mariupolrada.gov.ua/uploads/17/85328-%E2%84%96%2053.pdf ,виконавчий комітет маріупольської міської ради,33852448
2020-01,Ярмаркова торгівля на території м. Маріуполя у 2020 році,Щорічний ярмарок продукції місцевих товаровиробників Донецькій області.,https://mariupolrada.gov.ua/page/informacija-dlja-subektiv-malogo-ta-serednogo-biznesu,2020-01-01,2020-12-31,2020-03-06 07:00-17:00,30,null,null,87500,Україна,Донецька область,Лівобережний ,Маріуполь,площа Перемоги,null,null,Не визначено,Маріупольська міська рада,33852448,Аркатов Денис Володимирович,dep.econom@mariupolrada.gov.ua,+380629337045,https://mariupolrada.gov.ua/page/ekonomika,Рішення,Про здійснення ярмаркової торгівлі на території м. Маріуполя у 2020 році,53,2020-02-24,https://mariupolrada.gov.ua/uploads/17/85328-%E2%84%96%2053.pdf ,виконавчий комітет маріупольської міської ради,33852448
2020-01,Ярмаркова торгівля на території м. Маріуполя у 2020 році,Щорічний ярмарок продукції місцевих товаровиробників Донецькій області.,https://mariupolrada.gov.ua/page/informacija-dlja-subektiv-malogo-ta-serednogo-biznesu,2020-01-01,2020-12-31,2020-03-07 07:00-17:00,30,null,null,87500,Україна,Донецька область,Лівобережний ,Маріуполь,площа Перемоги,null,null,Не визначено,Маріупольська міська рада,33852448,Аркатов Денис Володимирович,dep.econom@mariupolrada.gov.ua,+380629337045,https://mariupolrada.gov.ua/page/ekonomika,Рішення,Про здійснення ярмаркової торгівлі на території м. Маріуполя у 2020 році,53,2020-02-24,https://mariupolrada.gov.ua/uploads/17/85328-%E2%84%96%2053.pdf ,виконавчий комітет маріупольської міської ради,33852448
2020-01,Ярмаркова торгівля на території м. Маріуполя у 2020 році,Щорічний ярмарок продукції місцевих товаровиробників Донецькій області.,https://mariupolrada.gov.ua/page/informacija-dlja-subektiv-malogo-ta-serednogo-biznesu,2020-01-01,2020-12-31,2020-04-17 07:00-17:00,30,null,null,87500,Україна,Донецька область,Лівобережний ,Маріуполь,площа Перемоги,null,null,Не визначено,Маріупольська міська рада,33852448,Аркатов Денис Володимирович,dep.econom@mariupolrada.gov.ua,+380629337045,https://mariupolrada.gov.ua/page/ekonomika,Рішення,Про здійснення ярмаркової торгівлі на території м. Маріуполя у 2020 році,53,2020-02-24,https://mariupolrada.gov.ua/uploads/17/85328-%E2%84%96%2053.pdf ,виконавчий комітет маріупольської міської ради,33852448
2020-01,Ярмаркова торгівля на території м. Маріуполя у 2020 році,Щорічний ярмарок продукції місцевих товаровиробників Донецькій області.,https://mariupolrada.gov.ua/page/informacija-dlja-subektiv-malogo-ta-serednogo-biznesu,2020-01-01,2020-12-31,2020-04-18 07:00-17:00,30,null,null,87500,Україна,Донецька область,Лівобережний ,Маріуполь,площа Перемоги,null,null,Не визначено,Маріупольська міська рада,33852448,Аркатов Денис Володимирович,dep.econom@mariupolrada.gov.ua,+380629337045,https://mariupolrada.gov.ua/page/ekonomika,Рішення,Про здійснення ярмаркової торгівлі на території м. Маріуполя у 2020 році,53,2020-02-24,https://mariupolrada.gov.ua/uploads/17/85328-%E2%84%96%2053.pdf ,виконавчий комітет маріупольської міської ради,33852448
2020-01,Ярмаркова торгівля на території м. Маріуполя у 2020 році,Щорічний ярмарок продукції місцевих товаровиробників Донецькій області.,https://mariupolrada.gov.ua/page/informacija-dlja-subektiv-malogo-ta-serednogo-biznesu,2020-01-01,2020-12-31,2020-09-05 07:00-17:00,30,null,null,87500,Україна,Донецька область,Лівобережний ,Маріуполь,площа Перемоги,null,null,Не визначено,Маріупольська міська рада,33852448,Аркатов Денис Володимирович,dep.econom@mariupolrada.gov.ua,+380629337045,https://mariupolrada.gov.ua/page/ekonomika,Рішення,Про здійснення ярмаркової торгівлі на території м. Маріуполя у 2020 році,53,2020-02-24,https://mariupolrada.gov.ua/uploads/17/85328-%E2%84%96%2053.pdf ,виконавчий комітет маріупольської міської ради,33852448
2020-01,Ярмаркова торгівля на території м. Маріуполя у 2020 році,Щорічний ярмарок продукції місцевих товаровиробників Донецькій області.,https://mariupolrada.gov.ua/page/informacija-dlja-subektiv-malogo-ta-serednogo-biznesu,2020-01-01,2020-12-31,2020-09-12 07:00-17:00,30,null,null,87500,Україна,Донецька область,Лівобережний ,Маріуполь,площа Перемоги,null,null,Не визначено,Маріупольська міська рада,33852448,Аркатов Денис Володимирович,dep.econom@mariupolrada.gov.ua,+380629337045,https://mariupolrada.gov.ua/page/ekonomika,Рішення,Про здійснення ярмаркової торгівлі на території м. Маріуполя у 2020 році,53,2020-02-24,https://mariupolrada.gov.ua/uploads/17/85328-%E2%84%96%2053.pdf ,виконавчий комітет маріупольської міської ради,33852448
2020-01,Ярмаркова торгівля на території м. Маріуполя у 2020 році,Щорічний ярмарок продукції місцевих товаровиробників Донецькій області.,https://mariupolrada.gov.ua/page/informacija-dlja-subektiv-malogo-ta-serednogo-biznesu,2020-01-01,2020-12-31,2020-09-19 07:00-17:00,30,null,null,87500,Україна,Донецька область,Лівобережний ,Маріуполь,площа Перемоги,null,null,Не визначено,Маріупольська міська рада,33852448,Аркатов Денис Володимирович,dep.econom@mariupolrada.gov.ua,+380629337045,https://mariupolrada.gov.ua/page/ekonomika,Рішення,Про здійснення ярмаркової торгівлі на території м. Маріуполя у 2020 році,53,2020-02-24,https://mariupolrada.gov.ua/uploads/17/85328-%E2%84%96%2053.pdf ,виконавчий комітет маріупольської міської ради,33852448
2020-01,Ярмаркова торгівля на території м. Маріуполя у 2020 році,Щорічний ярмарок продукції місцевих товаровиробників Донецькій області.,https://mariupolrada.gov.ua/page/informacija-dlja-subektiv-malogo-ta-serednogo-biznesu,2020-01-01,2020-12-31,2020-09-26 07:00-17:00,30,null,null,87500,Україна,Донецька область,Лівобережний ,Маріуполь,площа Перемоги,null,null,Не визначено,Маріупольська міська рада,33852448,Аркатов Денис Володимирович,dep.econom@mariupolrada.gov.ua,+380629337045,https://mariupolrada.gov.ua/page/ekonomika,Рішення,Про здійснення ярмаркової торгівлі на території м. Маріуполя у 2020 році,53,2020-02-24,https://mariupolrada.gov.ua/uploads/17/85328-%E2%84%96%2053.pdf ,виконавчий комітет маріупольської міської ради,33852448
2020-01,Ярмаркова торгівля на території м. Маріуполя у 2020 році,Щорічний ярмарок продукції місцевих товаровиробників Донецькій області.,https://mariupolrada.gov.ua/page/informacija-dlja-subektiv-malogo-ta-serednogo-biznesu,2020-01-01,2020-12-31,2020-10-03 07:00-17:00,30,null,null,87500,Україна,Донецька область,Лівобережний ,Маріуполь,площа Перемоги,null,null,Не визначено,Маріупольська міська рада,33852448,Аркатов Денис Володимирович,dep.econom@mariupolrada.gov.ua,+380629337045,https://mariupolrada.gov.ua/page/ekonomika,Рішення,Про здійснення ярмаркової торгівлі на території м. Маріуполя у 2020 році,53,2020-02-24,https://mariupolrada.gov.ua/uploads/17/85328-%E2%84%96%2053.pdf ,виконавчий комітет маріупольської міської ради,33852448
2020-01,Ярмаркова торгівля на території м. Маріуполя у 2020 році,Щорічний ярмарок продукції місцевих товаровиробників Донецькій області.,https://mariupolrada.gov.ua/page/informacija-dlja-subektiv-malogo-ta-serednogo-biznesu,2020-01-01,2020-12-31,2020-10-10 07:00-17:00,30,null,null,87500,Україна,Донецька область,Лівобережний ,Маріуполь,площа Перемоги,null,null,Не визначено,Маріупольська міська рада,33852448,Аркатов Денис Володимирович,dep.econom@mariupolrada.gov.ua,+380629337045,https://mariupolrada.gov.ua/page/ekonomika,Рішення,Про здійснення ярмаркової торгівлі на території м. Маріуполя у 2020 році,53,2020-02-24,https://mariupolrada.gov.ua/uploads/17/85328-%E2%84%96%2053.pdf ,виконавчий комітет маріупольської міської ради,33852448
2020-01,Ярмаркова торгівля на території м. Маріуполя у 2020 році,Щорічний ярмарок продукції місцевих товаровиробників Донецькій області.,https://mariupolrada.gov.ua/page/informacija-dlja-subektiv-malogo-ta-serednogo-biznesu,2020-01-01,2020-12-31,2020-12-18 07:00-17:00,30,null,null,87500,Україна,Донецька область,Лівобережний ,Маріуполь,площа Перемоги,null,null,Не визначено,Маріупольська міська рада,33852448,Аркатов Денис Володимирович,dep.econom@mariupolrada.gov.ua,+380629337045,https://mariupolrada.gov.ua/page/ekonomika,Рішення,Про здійснення ярмаркової торгівлі на території м. Маріуполя у 2020 році,53,2020-02-24,https://mariupolrada.gov.ua/uploads/17/85328-%E2%84%96%2053.pdf ,виконавчий комітет маріупольської міської ради,33852448
2020-01,Ярмаркова торгівля на території м. Маріуполя у 2020 році,Щорічний ярмарок продукції місцевих товаровиробників Донецькій області.,https://mariupolrada.gov.ua/page/informacija-dlja-subektiv-malogo-ta-serednogo-biznesu,2020-01-01,2020-12-31,2020-12-19 07:00-17:00,30,null,null,87500,Україна,Донецька область,Лівобережний ,Маріуполь,площа Перемоги,null,null,Не визначено,Маріупольська міська рада,33852448,Аркатов Денис Володимирович,dep.econom@mariupolrada.gov.ua,+380629337045,https://mariupolrada.gov.ua/page/ekonomika,Рішення,Про здійснення ярмаркової торгівлі на території м. Маріуполя у 2020 році,53,2020-02-24,https://mariupolrada.gov.ua/uploads/17/85328-%E2%84%96%2053.pdf ,виконавчий комітет маріупольської міської ради,33852448
2020-01,Ярмаркова торгівля на території м. Маріуполя у 2020 році,Щорічний ярмарок продукції місцевих товаровиробників Донецькій області.,https://mariupolrada.gov.ua/page/informacija-dlja-subektiv-malogo-ta-serednogo-biznesu,2020-01-01,2020-12-31,2020-12-25 07:00-17:00,30,null,null,87500,Україна,Донецька область,Лівобережний ,Маріуполь,площа Перемоги,null,null,Не визначено,Маріупольська міська рада,33852448,Аркатов Денис Володимирович,dep.econom@mariupolrada.gov.ua,+380629337045,https://mariupolrada.gov.ua/page/ekonomika,Рішення,Про здійснення ярмаркової торгівлі на території м. Маріуполя у 2020 році,53,2020-02-24,https://mariupolrada.gov.ua/uploads/17/85328-%E2%84%96%2053.pdf ,виконавчий комітет маріупольської міської ради,33852448
2020-01,Ярмаркова торгівля на території м. Маріуполя у 2020 році,Щорічний ярмарок продукції місцевих товаровиробників Донецькій області.,https://mariupolrada.gov.ua/page/informacija-dlja-subektiv-malogo-ta-serednogo-biznesu,2020-01-01,2020-12-31,2020-12-26 07:00-17:00,30,null,null,87500,Україна,Донецька область,Лівобережний ,Маріуполь,площа Перемоги,null,null,Не визначено,Маріупольська міська рада,33852448,Аркатов Денис Володимирович,dep.econom@mariupolrada.gov.ua,+380629337045,https://mariupolrada.gov.ua/page/ekonomika,Рішення,Про здійснення ярмаркової торгівлі на території м. Маріуполя у 2020 році,53,2020-02-24,https://mariupolrada.gov.ua/uploads/17/85328-%E2%84%96%2053.pdf ,виконавчий комітет маріупольської міської ради,33852448
2020-01,Ярмаркова торгівля на території м. Маріуполя у 2020 році,Щорічний ярмарок продукції місцевих товаровиробників Донецькій області.,https://mariupolrada.gov.ua/page/informacija-dlja-subektiv-malogo-ta-serednogo-biznesu,2020-01-01,2020-12-31,2020-03-05-2020-11-30 07:00-20:00,18,null,null,87500,Україна,Донецька область,Лівобережний ,Маріуполь,бул. Меотиди,9/28,null,Не визначено,Маріупольська міська рада,33852448,Аркатов Денис Володимирович,dep.econom@mariupolrada.gov.ua,+380629337045,https://mariupolrada.gov.ua/page/ekonomika,Рішення,Про здійснення ярмаркової торгівлі на території м. Маріуполя у 2020 році,53,2020-02-24,https://mariupolrada.gov.ua/uploads/17/85328-%E2%84%96%2053.pdf ,виконавчий комітет маріупольської міської ради,33852448
2020-01,Ярмаркова торгівля на території м. Маріуполя у 2020 році,Щорічний ярмарок продукції місцевих товаровиробників Донецькій області.,https://mariupolrada.gov.ua/page/informacija-dlja-subektiv-malogo-ta-serednogo-biznesu,2020-01-01,2020-12-31,2020-03-05-2020-03-08 07:00-20:00,5,null,null,87500,Україна,Донецька область,Лівобережний ,Маріуполь,пр. Перемоги,null,null,"Перетин пр. Перемоги, вул.130 Таганрозької дивізії",Маріупольська міська рада,33852448,Аркатов Денис Володимирович,dep.econom@mariupolrada.gov.ua,+380629337045,https://mariupolrada.gov.ua/page/ekonomika,Рішення,Про здійснення ярмаркової торгівлі на території м. Маріуполя у 2020 році,53,2020-02-24,https://mariupolrada.gov.ua/uploads/17/85328-%E2%84%96%2053.pdf ,виконавчий комітет маріупольської міської ради,33852448
2020-01,Ярмаркова торгівля на території м. Маріуполя у 2020 році,Щорічний ярмарок продукції місцевих товаровиробників Донецькій області.,https://mariupolrada.gov.ua/page/informacija-dlja-subektiv-malogo-ta-serednogo-biznesu,2020-01-01,2020-12-31,2020-03-05-2020-03-08 07:00-20:00,5,null,null,87500,Україна,Донецька область,Лівобережний ,Маріуполь,пр. Перемоги,null,null,Перетин пр. Перемоги та пр. Свободи,Маріупольська міська рада,33852448,Аркатов Денис Володимирович,dep.econom@mariupolrada.gov.ua,+380629337045,https://mariupolrada.gov.ua/page/ekonomika,Рішення,Про здійснення ярмаркової торгівлі на території м. Маріуполя у 2020 році,53,2020-02-24,https://mariupolrada.gov.ua/uploads/17/85328-%E2%84%96%2053.pdf ,виконавчий комітет маріупольської міської ради,33852448
2020-01,Ярмаркова торгівля на території м. Маріуполя у 2020 році,Щорічний ярмарок продукції місцевих товаровиробників Донецькій області.,https://mariupolrada.gov.ua/page/informacija-dlja-subektiv-malogo-ta-serednogo-biznesu,2020-01-01,2020-12-31,2020-03-05-2020-03-08 07:00-20:00,10,null,null,87500,Україна,Донецька область,Лівобережний ,Маріуполь,пр. Перемоги,21/43,null,Район площі Перемоги,Маріупольська міська рада,33852448,Аркатов Денис Володимирович,dep.econom@mariupolrada.gov.ua,+380629337045,https://mariupolrada.gov.ua/page/ekonomika,Рішення,Про здійснення ярмаркової торгівлі на території м. Маріуполя у 2020 році,53,2020-02-24,https://mariupolrada.gov.ua/uploads/17/85328-%E2%84%96%2053.pdf ,виконавчий комітет маріупольської міської ради,33852448
2020-01,Ярмаркова торгівля на території м. Маріуполя у 2020 році,Щорічний ярмарок продукції місцевих товаровиробників Донецькій області.,https://mariupolrada.gov.ua/page/informacija-dlja-subektiv-malogo-ta-serednogo-biznesu,2020-01-01,2020-12-31,2020-03-05-2020-03-08 07:00-20:00,5,null,null,87500,Україна,Донецька область,Лівобережний ,Маріуполь,вул. Азовстальська,39/7,null,Не визначено,Маріупольська міська рада,33852448,Аркатов Денис Володимирович,dep.econom@mariupolrada.gov.ua,+380629337045,https://mariupolrada.gov.ua/page/ekonomika,Рішення,Про здійснення ярмаркової торгівлі на території м. Маріуполя у 2020 році,53,2020-02-24,https://mariupolrada.gov.ua/uploads/17/85328-%E2%84%96%2053.pdf ,виконавчий комітет маріупольської міської ради,33852448
2020-01,Ярмаркова торгівля на території м. Маріуполя у 2020 році,Щорічний ярмарок продукції місцевих товаровиробників Донецькій області.,https://mariupolrada.gov.ua/page/informacija-dlja-subektiv-malogo-ta-serednogo-biznesu,2020-01-01,2020-12-31,2020-03-05-2020-03-08 07:00-20:00,4,null,null,87500,Україна,Донецька область,Лівобережний ,Маріуполь,вул. Олімпійська,157/1,null,Не визначено,Маріупольська міська рада,33852448,Аркатов Денис Володимирович,dep.econom@mariupolrada.gov.ua,+380629337045,https://mariupolrada.gov.ua/page/ekonomika,Рішення,Про здійснення ярмаркової торгівлі на території м. Маріуполя у 2020 році,53,2020-02-24,https://mariupolrada.gov.ua/uploads/17/85328-%E2%84%96%2053.pdf ,виконавчий комітет маріупольської міської ради,33852448
2020-01,Ярмаркова торгівля на території м. Маріуполя у 2020 році,Щорічний ярмарок продукції місцевих товаровиробників Донецькій області.,https://mariupolrada.gov.ua/page/informacija-dlja-subektiv-malogo-ta-serednogo-biznesu,2020-01-01,2020-12-31,2020-03-05-2020-03-08 07:00-20:00,5,null,null,87500,Україна,Донецька область,Лівобережний ,Маріуполь,вул. Київської,null,null,"Перетин вул. Київської, вул. 9 Травня, навпроти магазину «Сільпо»",Маріупольська міська рада,33852448,Аркатов Денис Володимирович,dep.econom@mariupolrada.gov.ua,+380629337045,https://mariupolrada.gov.ua/page/ekonomika,Рішення,Про здійснення ярмаркової торгівлі на території м. Маріуполя у 2020 році,53,2020-02-24,https://mariupolrada.gov.ua/uploads/17/85328-%E2%84%96%2053.pdf ,виконавчий комітет маріупольської міської ради,33852448
2020-01,Ярмаркова торгівля на території м. Маріуполя у 2020 році,Щорічний ярмарок продукції місцевих товаровиробників Донецькій області.,https://mariupolrada.gov.ua/page/informacija-dlja-subektiv-malogo-ta-serednogo-biznesu,2020-01-01,2020-12-31,2020-03-05-2020-03-08 07:00-20:00,5,null,null,87500,Україна,Донецька область,Лівобережний ,Маріуполь,вул. Олімпійська,197,null,Не визначено,Маріупольська міська рада,33852448,Аркатов Денис Володимирович,dep.econom@mariupolrada.gov.ua,+380629337045,https://mariupolrada.gov.ua/page/ekonomika,Рішення,Про здійснення ярмаркової торгівлі на території м. Маріуполя у 2020 році,53,2020-02-24,https://mariupolrada.gov.ua/uploads/17/85328-%E2%84%96%2053.pdf ,виконавчий комітет маріупольської міської ради,33852448
2020-01,Ярмаркова торгівля на території м. Маріуполя у 2020 році,Щорічний ярмарок продукції місцевих товаровиробників Донецькій області.,https://mariupolrada.gov.ua/page/informacija-dlja-subektiv-malogo-ta-serednogo-biznesu,2020-01-01,2020-12-31,"Сб,Нд 07:00-15:00",20,null,null,87500,Україна,Донецька область,Кальміуський ,Маріуполь,вул. Курчатова,37,null,З торця будинку,Маріупольська міська рада,33852448,Аркатов Денис Володимирович,dep.econom@mariupolrada.gov.ua,+380629337045,https://mariupolrada.gov.ua/page/ekonomika,Рішення,Про здійснення ярмаркової торгівлі на території м. Маріуполя у 2020 році,53,2020-02-24,https://mariupolrada.gov.ua/uploads/17/85328-%E2%84%96%2053.pdf ,виконавчий комітет маріупольської міської ради,33852448
2020-01,Ярмаркова торгівля на території м. Маріуполя у 2020 році,Щорічний ярмарок продукції місцевих товаровиробників Донецькій області.,https://mariupolrada.gov.ua/page/informacija-dlja-subektiv-malogo-ta-serednogo-biznesu,2020-01-01,2020-12-31,"Сб,Нд 07:00-15:00",5,null,null,87500,Україна,Донецька область,Кальміуський ,Маріуполь,вул. Бульварна,33-35,null,Не визначено,Маріупольська міська рада,33852448,Аркатов Денис Володимирович,dep.econom@mariupolrada.gov.ua,+380629337045,https://mariupolrada.gov.ua/page/ekonomika,Рішення,Про здійснення ярмаркової торгівлі на території м. Маріуполя у 2020 році,53,2020-02-24,https://mariupolrada.gov.ua/uploads/17/85328-%E2%84%96%2053.pdf ,виконавчий комітет маріупольської міської ради,33852448
2020-01,Ярмаркова торгівля на території м. Маріуполя у 2020 році,Щорічний ярмарок продукції місцевих товаровиробників Донецькій області.,https://mariupolrada.gov.ua/page/informacija-dlja-subektiv-malogo-ta-serednogo-biznesu,2020-01-01,2020-12-31,"Сб,Нд 07:00-15:00",4,null,null,87500,Україна,Донецька область,Кальміуський ,Маріуполь,вул. Прикордонна,38,null,Не визначено,Маріупольська міська рада,33852448,Аркатов Денис Володимирович,dep.econom@mariupolrada.gov.ua,+380629337045,https://mariupolrada.gov.ua/page/ekonomika,Рішення,Про здійснення ярмаркової торгівлі на території м. Маріуполя у 2020 році,53,2020-02-24,https://mariupolrada.gov.ua/uploads/17/85328-%E2%84%96%2053.pdf ,виконавчий комітет маріупольської міської ради,33852448
2020-01,Ярмаркова торгівля на території м. Маріуполя у 2020 році,Щорічний ярмарок продукції місцевих товаровиробників Донецькій області.,https://mariupolrada.gov.ua/page/informacija-dlja-subektiv-malogo-ta-serednogo-biznesu,2020-01-01,2020-12-31,"Сб,Нд 07:00-15:00",4,null,null,87500,Україна,Донецька область,Кальміуський ,Маріуполь,вул. Високовольтна,32,null,Не визначено,Маріупольська міська рада,33852448,Аркатов Денис Володимирович,dep.econom@mariupolrada.gov.ua,+380629337045,https://mariupolrada.gov.ua/page/ekonomika,Рішення,Про здійснення ярмаркової торгівлі на території м. Маріуполя у 2020 році,53,2020-02-24,https://mariupolrada.gov.ua/uploads/17/85328-%E2%84%96%2053.pdf ,виконавчий комітет маріупольської міської ради,33852448
2020-01,Ярмаркова торгівля на території м. Маріуполя у 2020 році,Щорічний ярмарок продукції місцевих товаровиробників Донецькій області.,https://mariupolrada.gov.ua/page/informacija-dlja-subektiv-malogo-ta-serednogo-biznesu,2020-01-01,2020-12-31,"Сб,Нд 07:00-15:00",20,null,null,87500,Україна,Донецька область,Кальміуський ,Маріуполь,пров. Запорізький ,null,null,Не визначено,Маріупольська міська рада,33852448,Аркатов Денис Володимирович,dep.econom@mariupolrada.gov.ua,+380629337045,https://mariupolrada.gov.ua/page/ekonomika,Рішення,Про здійснення ярмаркової торгівлі на території м. Маріуполя у 2020 році,53,2020-02-24,https://mariupolrada.gov.ua/uploads/17/85328-%E2%84%96%2053.pdf ,виконавчий комітет маріупольської міської ради,33852448
2020-01,Ярмаркова торгівля на території м. Маріуполя у 2020 році,Щорічний ярмарок продукції місцевих товаровиробників Донецькій області.,https://mariupolrada.gov.ua/page/informacija-dlja-subektiv-malogo-ta-serednogo-biznesu,2020-01-01,2020-12-31,"Сб,Нд 07:00-15:00",10,null,null,87500,Україна,Донецька область,Кальміуський ,Маріуполь,вул. Васнецова,270,null,Не визначено,Маріупольська міська рада,33852448,Аркатов Денис Володимирович,dep.econom@mariupolrada.gov.ua,+380629337045,https://mariupolrada.gov.ua/page/ekonomika,Рішення,Про здійснення ярмаркової торгівлі на території м. Маріуполя у 2020 році,53,2020-02-24,https://mariupolrada.gov.ua/uploads/17/85328-%E2%84%96%2053.pdf ,виконавчий комітет маріупольської міської ради,33852448
2020-01,Ярмаркова торгівля на території м. Маріуполя у 2020 році,Щорічний ярмарок продукції місцевих товаровиробників Донецькій області.,https://mariupolrada.gov.ua/page/informacija-dlja-subektiv-malogo-ta-serednogo-biznesu,2020-01-01,2020-12-31,"Сб,Нд 07:00-15:00",1,null,null,87500,Україна,Донецька область,Кальміуський ,Маріуполь,вул. Північна,null,null,с. Зірка,Маріупольська міська рада,33852448,Аркатов Денис Володимирович,dep.econom@mariupolrada.gov.ua,+380629337045,https://mariupolrada.gov.ua/page/ekonomika,Рішення,Про здійснення ярмаркової торгівлі на території м. Маріуполя у 2020 році,53,2020-02-24,https://mariupolrada.gov.ua/uploads/17/85328-%E2%84%96%2053.pdf ,виконавчий комітет маріупольської міської ради,33852448
2020-01,Ярмаркова торгівля на території м. Маріуполя у 2020 році,Щорічний ярмарок продукції місцевих товаровиробників Донецькій області.,https://mariupolrada.gov.ua/page/informacija-dlja-subektiv-malogo-ta-serednogo-biznesu,2020-01-01,2020-12-31,"Сб,Нд 07:00-15:00",3,null,null,87500,Україна,Донецька область,Кальміуський ,Маріуполь,вул. Світла,103,null,Не визначено,Маріупольська міська рада,33852448,Аркатов Денис Володимирович,dep.econom@mariupolrada.gov.ua,+380629337045,https://mariupolrada.gov.ua/page/ekonomika,Рішення,Про здійснення ярмаркової торгівлі на території м. Маріуполя у 2020 році,53,2020-02-24,https://mariupolrada.gov.ua/uploads/17/85328-%E2%84%96%2053.pdf ,виконавчий комітет маріупольської міської ради,33852448
2020-01,Ярмаркова торгівля на території м. Маріуполя у 2020 році,Щорічний ярмарок продукції місцевих товаровиробників Донецькій області.,https://mariupolrada.gov.ua/page/informacija-dlja-subektiv-malogo-ta-serednogo-biznesu,2020-01-01,2020-12-31,Чт 07:00-15:00,5,null,null,87500,Україна,Донецька область,Кальміуський ,Каменськ,вул. Переможна,9,null,Не визначено,Маріупольська міська рада,33852448,Аркатов Денис Володимирович,dep.econom@mariupolrada.gov.ua,+380629337045,https://mariupolrada.gov.ua/page/ekonomika,Рішення,Про здійснення ярмаркової торгівлі на території м. Маріуполя у 2020 році,53,2020-02-24,https://mariupolrada.gov.ua/uploads/17/85328-%E2%84%96%2053.pdf ,виконавчий комітет маріупольської міської ради,33852448
2020-01,Ярмаркова торгівля на території м. Маріуполя у 2020 році,Щорічний ярмарок продукції місцевих товаровиробників Донецькій області.,https://mariupolrada.gov.ua/page/informacija-dlja-subektiv-malogo-ta-serednogo-biznesu,2020-01-01,2020-12-31,2020-03-05-2020-03-09 08:00-16:00,8,null,null,87500,Україна,Донецька область,Кальміуський ,Маріуполь,пр. Металургів,156,null,Не визначено,Маріупольська міська рада,33852448,Аркатов Денис Володимирович,dep.econom@mariupolrada.gov.ua,+380629337045,https://mariupolrada.gov.ua/page/ekonomika,Рішення,Про здійснення ярмаркової торгівлі на території м. Маріуполя у 2020 році,53,2020-02-24,https://mariupolrada.gov.ua/uploads/17/85328-%E2%84%96%2053.pdf ,виконавчий комітет маріупольської міської ради,33852448
2020-01,Ярмаркова торгівля на території м. Маріуполя у 2020 році,Щорічний ярмарок продукції місцевих товаровиробників Донецькій області.,https://mariupolrada.gov.ua/page/informacija-dlja-subektiv-malogo-ta-serednogo-biznesu,2020-01-01,2020-12-31,2020-03-05-2020-03-09 08:00-16:00,8,null,null,87500,Україна,Донецька область,Кальміуський ,Маріуполь,пр. Металургів,174,null,Не визначено,Маріупольська міська рада,33852448,Аркатов Денис Володимирович,dep.econom@mariupolrada.gov.ua,+380629337045,https://mariupolrada.gov.ua/page/ekonomika,Рішення,Про здійснення ярмаркової торгівлі на території м. Маріуполя у 2020 році,53,2020-02-24,https://mariupolrada.gov.ua/uploads/17/85328-%E2%84%96%2053.pdf ,виконавчий комітет маріупольської міської ради,33852448
2020-01,Ярмаркова торгівля на території м. Маріуполя у 2020 році,Щорічний ярмарок продукції місцевих товаровиробників Донецькій області.,https://mariupolrada.gov.ua/page/informacija-dlja-subektiv-malogo-ta-serednogo-biznesu,2020-01-01,2020-12-31,2020-03-05-2020-03-09 08:00-16:00,8,null,null,87500,Україна,Донецька область,Кальміуський ,Маріуполь,вул. Маміна-Сибіряка ,null,null,Район зупинки,Маріупольська міська рада,33852448,Аркатов Денис Володимирович,dep.econom@mariupolrada.gov.ua,+380629337045,https://mariupolrada.gov.ua/page/ekonomika,Рішення,Про здійснення ярмаркової торгівлі на території м. Маріуполя у 2020 році,53,2020-02-24,https://mariupolrada.gov.ua/uploads/17/85328-%E2%84%96%2053.pdf ,виконавчий комітет маріупольської міської ради,33852448
2020-01,Ярмаркова торгівля на території м. Маріуполя у 2020 році,Щорічний ярмарок продукції місцевих товаровиробників Донецькій області.,https://mariupolrada.gov.ua/page/informacija-dlja-subektiv-malogo-ta-serednogo-biznesu,2020-01-01,2020-12-31,2020-03-05-2020-03-09 08:00-16:00,5,null,null,87500,Україна,Донецька область,Кальміуський ,Маріуполь,вул. Курчатова,37,null,Не визначено,Маріупольська міська рада,33852448,Аркатов Денис Володимирович,dep.econom@mariupolrada.gov.ua,+380629337045,https://mariupolrada.gov.ua/page/ekonomika,Рішення,Про здійснення ярмаркової торгівлі на території м. Маріуполя у 2020 році,53,2020-02-24,https://mariupolrada.gov.ua/uploads/17/85328-%E2%84%96%2053.pdf ,виконавчий комітет маріупольської міської ради,33852448
2020-01,Ярмаркова торгівля на території м. Маріуполя у 2020 році,Щорічний ярмарок продукції місцевих товаровиробників Донецькій області.,https://mariupolrada.gov.ua/page/informacija-dlja-subektiv-malogo-ta-serednogo-biznesu,2020-01-01,2020-12-31,2020-03-05-2020-03-09 08:00-16:00,5,null,null,87500,Україна,Донецька область,Кальміуський ,Каменськ,вул. Першотравнева,70-А,null,Не визначено,Маріупольська міська рада,33852448,Аркатов Денис Володимирович,dep.econom@mariupolrada.gov.ua,+380629337045,https://mariupolrada.gov.ua/page/ekonomika,Рішення,Про здійснення ярмаркової торгівлі на території м. Маріуполя у 2020 році,53,2020-02-24,https://mariupolrada.gov.ua/uploads/17/85328-%E2%84%96%2053.pdf ,виконавчий комітет маріупольської міської ради,33852448
